{
  "name": "platform",
  "main": "platform.js",
  "homepage": "https://github.com/Polymer/platform",
  "authors": [
    "The Polymer Authors"
  ],
  "description": "Integrate platform polyfills: load, build, test",
  "keywords": [
    "polymer",
    "web",
    "components"
  ],
  "license": "BSD",
  "private": true,
  "version": "0.3.5",
  "_release": "0.3.5",
  "_resolution": {
    "type": "version",
    "tag": "0.3.5",
    "commit": "413707498b62d2c66f923dcac6809d56e7d6dab6"
  },
  "_source": "git://github.com/Polymer/platform.git",
  "_target": "~0.3.5",
  "_originalSource": "polymer-platform",
  "_direct": true
}